10,Alice,20,30
40,Robert,50,60
70,Mat,80,90
10,Alice,20,30
40,Robert,50,60
70,Mat,80,90
10,Alice,20,30
40,Robert,50,60
70,Mat,80,90
10,Alice,20,30
40,Robert,50,60
70,Mat,80,90
10,Alice,20,30
40,Robert,50,60
70,Mat,80,90
10,Alice,20,30
40,Robert,50,60
70,Mat,80,90
10,Alice,20,30
40,Robert,50,60
70,Mat,80,90
10,Alice,20,30
40,Robert,50,60
70,Mat,80,90
10,Alice,20,30
40,Robert,50,60
70,Mat,80,90
10,Alice,20,30
40,Robert,50,60
70,Mat,80,90
10,Alice,20,30
40,Robert,50,60
70,Mat,80,90
10,Alice,20,30
40,Robert,50,60
70,Mat,80,90
